{
  "header_types" : [
    {
      "name" : "scalars_0",
      "id" : 0,
      "fields" : [
        ["metadata._routing_metadata_nhop_ipv40", 32, false],
        ["metadata._routing_metadata6_nhop_ipv61", 128, false]
      ]
    },
    {
      "name" : "standard_metadata",
      "id" : 1,
      "fields" : [
        ["ingress_port", 9, false],
        ["egress_spec", 9, false],
        ["egress_port", 9, false],
        ["instance_type", 32, false],
        ["packet_length", 32, false],
        ["enq_timestamp", 32, false],
        ["enq_qdepth", 19, false],
        ["deq_timedelta", 32, false],
        ["deq_qdepth", 19, false],
        ["ingress_global_timestamp", 48, false],
        ["egress_global_timestamp", 48, false],
        ["mcast_grp", 16, false],
        ["egress_rid", 16, false],
        ["checksum_error", 1, false],
        ["parser_error", 32, false],
        ["priority", 3, false],
        ["_padding", 3, false]
      ]
    },
    {
      "name" : "ethernet_t",
      "id" : 2,
      "fields" : [
        ["dstAddr", 48, false],
        ["srcAddr", 48, false],
        ["etherType", 16, false]
      ]
    },
    {
      "name" : "ipv4_t",
      "id" : 3,
      "fields" : [
        ["version", 4, false],
        ["ihl", 4, false],
        ["diffserv", 8, false],
        ["totalLen", 16, false],
        ["identification", 16, false],
        ["flags", 3, false],
        ["fragOffset", 13, false],
        ["ttl", 8, false],
        ["protocol", 8, false],
        ["hdrChecksum", 16, false],
        ["srcAddr", 32, false],
        ["dstAddr", 32, false]
      ]
    },
    {
      "name" : "ipv6_t",
      "id" : 4,
      "fields" : [
        ["version", 4, false],
        ["tc", 8, false],
        ["flow_lbl", 20, false],
        ["payload_len", 16, false],
        ["nxt_hdr", 8, false],
        ["hlim", 8, false],
        ["srcAddr", 128, false],
        ["dstAddr", 128, false]
      ]
    }
  ],
  "headers" : [
    {
      "name" : "scalars",
      "id" : 0,
      "header_type" : "scalars_0",
      "metadata" : true,
      "pi_omit" : true
    },
    {
      "name" : "standard_metadata",
      "id" : 1,
      "header_type" : "standard_metadata",
      "metadata" : true,
      "pi_omit" : true
    },
    {
      "name" : "ethernet",
      "id" : 2,
      "header_type" : "ethernet_t",
      "metadata" : false,
      "pi_omit" : true
    },
    {
      "name" : "ipv4",
      "id" : 3,
      "header_type" : "ipv4_t",
      "metadata" : false,
      "pi_omit" : true
    },
    {
      "name" : "ipv6",
      "id" : 4,
      "header_type" : "ipv6_t",
      "metadata" : false,
      "pi_omit" : true
    }
  ],
  "header_stacks" : [],
  "header_union_types" : [],
  "header_unions" : [],
  "header_union_stacks" : [],
  "field_lists" : [],
  "errors" : [
    ["NoError", 0],
    ["PacketTooShort", 1],
    ["NoMatch", 2],
    ["StackOutOfBounds", 3],
    ["HeaderTooShort", 4],
    ["ParserTimeout", 5],
    ["ParserInvalidArgument", 6]
  ],
  "enums" : [],
  "parsers" : [
    {
      "name" : "parser",
      "id" : 0,
      "init_state" : "start",
      "parse_states" : [
        {
          "name" : "parse_ethernet",
          "id" : 0,
          "parser_ops" : [
            {
              "parameters" : [
                {
                  "type" : "regular",
                  "value" : "ethernet"
                }
              ],
              "op" : "extract"
            }
          ],
          "transitions" : [
            {
              "type" : "hexstr",
              "value" : "0x0800",
              "mask" : null,
              "next_state" : "parse_ipv4"
            },
            {
              "type" : "hexstr",
              "value" : "0x86dd",
              "mask" : null,
              "next_state" : "parse_ipv6"
            },
            {
              "type" : "default",
              "value" : null,
              "mask" : null,
              "next_state" : null
            }
          ],
          "transition_key" : [
            {
              "type" : "field",
              "value" : ["ethernet", "etherType"]
            }
          ]
        },
        {
          "name" : "parse_ipv4",
          "id" : 1,
          "parser_ops" : [
            {
              "parameters" : [
                {
                  "type" : "regular",
                  "value" : "ipv4"
                }
              ],
              "op" : "extract"
            }
          ],
          "transitions" : [
            {
              "type" : "default",
              "value" : null,
              "mask" : null,
              "next_state" : null
            }
          ],
          "transition_key" : []
        },
        {
          "name" : "parse_ipv6",
          "id" : 2,
          "parser_ops" : [
            {
              "parameters" : [
                {
                  "type" : "regular",
                  "value" : "ipv6"
                }
              ],
              "op" : "extract"
            }
          ],
          "transitions" : [
            {
              "type" : "default",
              "value" : null,
              "mask" : null,
              "next_state" : null
            }
          ],
          "transition_key" : []
        },
        {
          "name" : "start",
          "id" : 3,
          "parser_ops" : [],
          "transitions" : [
            {
              "type" : "default",
              "value" : null,
              "mask" : null,
              "next_state" : "parse_ethernet"
            }
          ],
          "transition_key" : []
        }
      ]
    }
  ],
  "parse_vsets" : [],
  "deparsers" : [
    {
      "name" : "deparser",
      "id" : 0,
      "order" : ["ethernet", "ipv6", "ipv4"],
      "primitives" : []
    }
  ],
  "meter_arrays" : [],
  "counter_arrays" : [],
  "register_arrays" : [],
  "calculations" : [
    {
      "name" : "calc",
      "id" : 0,
      "algo" : "csum16",
      "input" : [
        {
          "type" : "field",
          "value" : ["ipv4", "version"]
        },
        {
          "type" : "field",
          "value" : ["ipv4", "ihl"]
        },
        {
          "type" : "field",
          "value" : ["ipv4", "diffserv"]
        },
        {
          "type" : "field",
          "value" : ["ipv4", "totalLen"]
        },
        {
          "type" : "field",
          "value" : ["ipv4", "identification"]
        },
        {
          "type" : "field",
          "value" : ["ipv4", "flags"]
        },
        {
          "type" : "field",
          "value" : ["ipv4", "fragOffset"]
        },
        {
          "type" : "field",
          "value" : ["ipv4", "ttl"]
        },
        {
          "type" : "field",
          "value" : ["ipv4", "protocol"]
        },
        {
          "type" : "field",
          "value" : ["ipv4", "srcAddr"]
        },
        {
          "type" : "field",
          "value" : ["ipv4", "dstAddr"]
        }
      ]
    },
    {
      "name" : "calc_0",
      "id" : 1,
      "algo" : "csum16",
      "input" : [
        {
          "type" : "field",
          "value" : ["ipv4", "version"]
        },
        {
          "type" : "field",
          "value" : ["ipv4", "ihl"]
        },
        {
          "type" : "field",
          "value" : ["ipv4", "diffserv"]
        },
        {
          "type" : "field",
          "value" : ["ipv4", "totalLen"]
        },
        {
          "type" : "field",
          "value" : ["ipv4", "identification"]
        },
        {
          "type" : "field",
          "value" : ["ipv4", "flags"]
        },
        {
          "type" : "field",
          "value" : ["ipv4", "fragOffset"]
        },
        {
          "type" : "field",
          "value" : ["ipv4", "ttl"]
        },
        {
          "type" : "field",
          "value" : ["ipv4", "protocol"]
        },
        {
          "type" : "field",
          "value" : ["ipv4", "srcAddr"]
        },
        {
          "type" : "field",
          "value" : ["ipv4", "dstAddr"]
        }
      ]
    }
  ],
  "learn_lists" : [],
  "actions" : [
    {
      "name" : "NoAction",
      "id" : 0,
      "runtime_data" : [],
      "primitives" : []
    },
    {
      "name" : "rewrite_mac",
      "id" : 1,
      "runtime_data" : [
        {
          "name" : "smac",
          "bitwidth" : 48
        }
      ],
      "primitives" : [
        {
          "op" : "assign",
          "parameters" : [
            {
              "type" : "field",
              "value" : ["ethernet", "srcAddr"]
            },
            {
              "type" : "runtime_data",
              "value" : 0
            }
          ],
          "source_info" : {
            "filename" : "/home/ubuntu/simple_router6.p4",
            "line" : 193,
            "column" : 19,
            "source_fragment" : "smac) { ..."
          }
        }
      ]
    },
    {
      "name" : "_drop",
      "id" : 2,
      "runtime_data" : [],
      "primitives" : [
        {
          "op" : "mark_to_drop",
          "parameters" : [
            {
              "type" : "header",
              "value" : "standard_metadata"
            }
          ],
          "source_info" : {
            "filename" : "/home/ubuntu/simple_router6.p4",
            "line" : 114,
            "column" : 4,
            "source_fragment" : "drop()"
          }
        }
      ]
    },
    {
      "name" : "NoAction",
      "id" : 3,
      "runtime_data" : [],
      "primitives" : []
    },
    {
      "name" : "NoAction",
      "id" : 4,
      "runtime_data" : [],
      "primitives" : []
    },
    {
      "name" : "NoAction",
      "id" : 5,
      "runtime_data" : [],
      "primitives" : []
    },
    {
      "name" : "NoAction",
      "id" : 6,
      "runtime_data" : [],
      "primitives" : []
    },
    {
      "name" : "set_dmac",
      "id" : 7,
      "runtime_data" : [
        {
          "name" : "dmac",
          "bitwidth" : 48
        }
      ],
      "primitives" : [
        {
          "op" : "assign",
          "parameters" : [
            {
              "type" : "field",
              "value" : ["ethernet", "dstAddr"]
            },
            {
              "type" : "runtime_data",
              "value" : 0
            }
          ],
          "source_info" : {
            "filename" : "/home/ubuntu/simple_router6.p4",
            "line" : 167,
            "column" : 16,
            "source_fragment" : "dmac) { ..."
          }
        }
      ]
    },
    {
      "name" : "set_dmac",
      "id" : 8,
      "runtime_data" : [
        {
          "name" : "dmac",
          "bitwidth" : 48
        }
      ],
      "primitives" : [
        {
          "op" : "assign",
          "parameters" : [
            {
              "type" : "field",
              "value" : ["ethernet", "dstAddr"]
            },
            {
              "type" : "runtime_data",
              "value" : 0
            }
          ],
          "source_info" : {
            "filename" : "/home/ubuntu/simple_router6.p4",
            "line" : 167,
            "column" : 16,
            "source_fragment" : "dmac) { ..."
          }
        }
      ]
    },
    {
      "name" : "_drop",
      "id" : 9,
      "runtime_data" : [],
      "primitives" : [
        {
          "op" : "mark_to_drop",
          "parameters" : [
            {
              "type" : "header",
              "value" : "standard_metadata"
            }
          ],
          "source_info" : {
            "filename" : "/home/ubuntu/simple_router6.p4",
            "line" : 114,
            "column" : 4,
            "source_fragment" : "drop()"
          }
        }
      ]
    },
    {
      "name" : "_drop",
      "id" : 10,
      "runtime_data" : [],
      "primitives" : [
        {
          "op" : "mark_to_drop",
          "parameters" : [
            {
              "type" : "header",
              "value" : "standard_metadata"
            }
          ],
          "source_info" : {
            "filename" : "/home/ubuntu/simple_router6.p4",
            "line" : 114,
            "column" : 4,
            "source_fragment" : "drop()"
          }
        }
      ]
    },
    {
      "name" : "_drop",
      "id" : 11,
      "runtime_data" : [],
      "primitives" : [
        {
          "op" : "mark_to_drop",
          "parameters" : [
            {
              "type" : "header",
              "value" : "standard_metadata"
            }
          ],
          "source_info" : {
            "filename" : "/home/ubuntu/simple_router6.p4",
            "line" : 114,
            "column" : 4,
            "source_fragment" : "drop()"
          }
        }
      ]
    },
    {
      "name" : "_drop",
      "id" : 12,
      "runtime_data" : [],
      "primitives" : [
        {
          "op" : "mark_to_drop",
          "parameters" : [
            {
              "type" : "header",
              "value" : "standard_metadata"
            }
          ],
          "source_info" : {
            "filename" : "/home/ubuntu/simple_router6.p4",
            "line" : 114,
            "column" : 4,
            "source_fragment" : "drop()"
          }
        }
      ]
    },
    {
      "name" : "set_nhop",
      "id" : 13,
      "runtime_data" : [
        {
          "name" : "nhop_ipv4",
          "bitwidth" : 32
        },
        {
          "name" : "port",
          "bitwidth" : 9
        }
      ],
      "primitives" : [
        {
          "op" : "assign",
          "parameters" : [
            {
              "type" : "field",
              "value" : ["scalars", "metadata._routing_metadata_nhop_ipv40"]
            },
            {
              "type" : "runtime_data",
              "value" : 0
            }
          ],
          "source_info" : {
            "filename" : "/home/ubuntu/simple_router6.p4",
            "line" : 133,
            "column" : 16,
            "source_fragment" : "nhop_ipv4, port) { ..."
          }
        },
        {
          "op" : "assign",
          "parameters" : [
            {
              "type" : "field",
              "value" : ["standard_metadata", "egress_spec"]
            },
            {
              "type" : "runtime_data",
              "value" : 1
            }
          ],
          "source_info" : {
            "filename" : "/home/ubuntu/simple_router6.p4",
            "line" : 133,
            "column" : 27,
            "source_fragment" : "port) { ..."
          }
        },
        {
          "op" : "assign",
          "parameters" : [
            {
              "type" : "field",
              "value" : ["ipv4", "ttl"]
            },
            {
              "type" : "expression",
              "value" : {
                "type" : "expression",
                "value" : {
                  "op" : "&",
                  "left" : {
                    "type" : "expression",
                    "value" : {
                      "op" : "+",
                      "left" : {
                        "type" : "field",
                        "value" : ["ipv4", "ttl"]
                      },
                      "right" : {
                        "type" : "hexstr",
                        "value" : "0xff"
                      }
                    }
                  },
                  "right" : {
                    "type" : "hexstr",
                    "value" : "0xff"
                  }
                }
              }
            }
          ],
          "source_info" : {
            "filename" : "/home/ubuntu/simple_router6.p4",
            "line" : 136,
            "column" : 4,
            "source_fragment" : "modify_field(ipv4.ttl, ipv4.ttl - 1)"
          }
        }
      ]
    },
    {
      "name" : "set_nhop6",
      "id" : 14,
      "runtime_data" : [
        {
          "name" : "nhop_ipv6",
          "bitwidth" : 128
        },
        {
          "name" : "port",
          "bitwidth" : 9
        }
      ],
      "primitives" : [
        {
          "op" : "assign",
          "parameters" : [
            {
              "type" : "field",
              "value" : ["scalars", "metadata._routing_metadata6_nhop_ipv61"]
            },
            {
              "type" : "runtime_data",
              "value" : 0
            }
          ],
          "source_info" : {
            "filename" : "/home/ubuntu/simple_router6.p4",
            "line" : 139,
            "column" : 17,
            "source_fragment" : "nhop_ipv6, port) { ..."
          }
        },
        {
          "op" : "assign",
          "parameters" : [
            {
              "type" : "field",
              "value" : ["standard_metadata", "egress_spec"]
            },
            {
              "type" : "runtime_data",
              "value" : 1
            }
          ],
          "source_info" : {
            "filename" : "/home/ubuntu/simple_router6.p4",
            "line" : 139,
            "column" : 28,
            "source_fragment" : "port) { ..."
          }
        },
        {
          "op" : "assign",
          "parameters" : [
            {
              "type" : "field",
              "value" : ["ipv6", "hlim"]
            },
            {
              "type" : "expression",
              "value" : {
                "type" : "expression",
                "value" : {
                  "op" : "&",
                  "left" : {
                    "type" : "expression",
                    "value" : {
                      "op" : "+",
                      "left" : {
                        "type" : "field",
                        "value" : ["ipv6", "hlim"]
                      },
                      "right" : {
                        "type" : "hexstr",
                        "value" : "0xff"
                      }
                    }
                  },
                  "right" : {
                    "type" : "hexstr",
                    "value" : "0xff"
                  }
                }
              }
            }
          ],
          "source_info" : {
            "filename" : "/home/ubuntu/simple_router6.p4",
            "line" : 142,
            "column" : 4,
            "source_fragment" : "modify_field(ipv6.hlim, ipv6.hlim - 1)"
          }
        }
      ]
    }
  ],
  "pipelines" : [
    {
      "name" : "ingress",
      "id" : 0,
      "init_table" : "node_2",
      "tables" : [
        {
          "name" : "ipv4_lpm",
          "id" : 0,
          "source_info" : {
            "filename" : "/home/ubuntu/simple_router6.p4",
            "line" : 145,
            "column" : 0,
            "source_fragment" : "table ipv4_lpm { ..."
          },
          "key" : [
            {
              "match_type" : "lpm",
              "name" : "ipv4.dstAddr",
              "target" : ["ipv4", "dstAddr"],
              "mask" : null
            }
          ],
          "match_type" : "lpm",
          "type" : "simple",
          "max_size" : 1024,
          "with_counters" : false,
          "support_timeout" : false,
          "direct_meters" : null,
          "action_ids" : [13, 11, 5],
          "actions" : ["set_nhop", "_drop", "NoAction"],
          "base_default_next" : "forward",
          "next_tables" : {
            "set_nhop" : "forward",
            "_drop" : "forward",
            "NoAction" : "forward"
          },
          "default_entry" : {
            "action_id" : 5,
            "action_const" : false,
            "action_data" : [],
            "action_entry_const" : false
          }
        },
        {
          "name" : "forward",
          "id" : 1,
          "source_info" : {
            "filename" : "/home/ubuntu/simple_router6.p4",
            "line" : 171,
            "column" : 0,
            "source_fragment" : "table forward { ..."
          },
          "key" : [
            {
              "match_type" : "exact",
              "name" : "routing_metadata.nhop_ipv4",
              "target" : ["scalars", "metadata._routing_metadata_nhop_ipv40"],
              "mask" : null
            }
          ],
          "match_type" : "exact",
          "type" : "simple",
          "max_size" : 512,
          "with_counters" : false,
          "support_timeout" : false,
          "direct_meters" : null,
          "action_ids" : [7, 9, 3],
          "actions" : ["set_dmac", "_drop", "NoAction"],
          "base_default_next" : "node_5",
          "next_tables" : {
            "set_dmac" : "node_5",
            "_drop" : "node_5",
            "NoAction" : "node_5"
          },
          "default_entry" : {
            "action_id" : 3,
            "action_const" : false,
            "action_data" : [],
            "action_entry_const" : false
          }
        },
        {
          "name" : "ipv6_lpm",
          "id" : 2,
          "source_info" : {
            "filename" : "/home/ubuntu/simple_router6.p4",
            "line" : 156,
            "column" : 0,
            "source_fragment" : "table ipv6_lpm { ..."
          },
          "key" : [
            {
              "match_type" : "lpm",
              "name" : "ipv6.dstAddr",
              "target" : ["ipv6", "dstAddr"],
              "mask" : null
            }
          ],
          "match_type" : "lpm",
          "type" : "simple",
          "max_size" : 1024,
          "with_counters" : false,
          "support_timeout" : false,
          "direct_meters" : null,
          "action_ids" : [14, 12, 6],
          "actions" : ["set_nhop6", "_drop", "NoAction"],
          "base_default_next" : "forward6",
          "next_tables" : {
            "set_nhop6" : "forward6",
            "_drop" : "forward6",
            "NoAction" : "forward6"
          },
          "default_entry" : {
            "action_id" : 6,
            "action_const" : false,
            "action_data" : [],
            "action_entry_const" : false
          }
        },
        {
          "name" : "forward6",
          "id" : 3,
          "source_info" : {
            "filename" : "/home/ubuntu/simple_router6.p4",
            "line" : 182,
            "column" : 0,
            "source_fragment" : "table forward6 { ..."
          },
          "key" : [
            {
              "match_type" : "exact",
              "name" : "routing_metadata6.nhop_ipv6",
              "target" : ["scalars", "metadata._routing_metadata6_nhop_ipv61"],
              "mask" : null
            }
          ],
          "match_type" : "exact",
          "type" : "simple",
          "max_size" : 512,
          "with_counters" : false,
          "support_timeout" : false,
          "direct_meters" : null,
          "action_ids" : [8, 10, 4],
          "actions" : ["set_dmac", "_drop", "NoAction"],
          "base_default_next" : null,
          "next_tables" : {
            "set_dmac" : null,
            "_drop" : null,
            "NoAction" : null
          },
          "default_entry" : {
            "action_id" : 4,
            "action_const" : false,
            "action_data" : [],
            "action_entry_const" : false
          }
        }
      ],
      "action_profiles" : [],
      "conditionals" : [
        {
          "name" : "node_2",
          "id" : 0,
          "source_info" : {
            "filename" : "/home/ubuntu/simple_router6.p4",
            "line" : 209,
            "column" : 19,
            "source_fragment" : "and"
          },
          "expression" : {
            "type" : "expression",
            "value" : {
              "op" : "and",
              "left" : {
                "type" : "expression",
                "value" : {
                  "op" : "d2b",
                  "left" : null,
                  "right" : {
                    "type" : "field",
                    "value" : ["ipv4", "$valid$"]
                  }
                }
              },
              "right" : {
                "type" : "expression",
                "value" : {
                  "op" : ">",
                  "left" : {
                    "type" : "field",
                    "value" : ["ipv4", "ttl"]
                  },
                  "right" : {
                    "type" : "hexstr",
                    "value" : "0x00"
                  }
                }
              }
            }
          },
          "true_next" : "ipv4_lpm",
          "false_next" : "node_5"
        },
        {
          "name" : "node_5",
          "id" : 1,
          "source_info" : {
            "filename" : "/home/ubuntu/simple_router6.p4",
            "line" : 213,
            "column" : 19,
            "source_fragment" : "and"
          },
          "expression" : {
            "type" : "expression",
            "value" : {
              "op" : "and",
              "left" : {
                "type" : "expression",
                "value" : {
                  "op" : "d2b",
                  "left" : null,
                  "right" : {
                    "type" : "field",
                    "value" : ["ipv6", "$valid$"]
                  }
                }
              },
              "right" : {
                "type" : "expression",
                "value" : {
                  "op" : ">",
                  "left" : {
                    "type" : "field",
                    "value" : ["ipv6", "hlim"]
                  },
                  "right" : {
                    "type" : "hexstr",
                    "value" : "0x00"
                  }
                }
              }
            }
          },
          "false_next" : null,
          "true_next" : "ipv6_lpm"
        }
      ]
    },
    {
      "name" : "egress",
      "id" : 1,
      "init_table" : "send_frame",
      "tables" : [
        {
          "name" : "send_frame",
          "id" : 4,
          "source_info" : {
            "filename" : "/home/ubuntu/simple_router6.p4",
            "line" : 197,
            "column" : 0,
            "source_fragment" : "table send_frame { ..."
          },
          "key" : [
            {
              "match_type" : "exact",
              "name" : "standard_metadata.egress_port",
              "target" : ["standard_metadata", "egress_port"],
              "mask" : null
            }
          ],
          "match_type" : "exact",
          "type" : "simple",
          "max_size" : 256,
          "with_counters" : false,
          "support_timeout" : false,
          "direct_meters" : null,
          "action_ids" : [1, 2, 0],
          "actions" : ["rewrite_mac", "_drop", "NoAction"],
          "base_default_next" : null,
          "next_tables" : {
            "rewrite_mac" : null,
            "_drop" : null,
            "NoAction" : null
          },
          "default_entry" : {
            "action_id" : 0,
            "action_const" : false,
            "action_data" : [],
            "action_entry_const" : false
          }
        }
      ],
      "action_profiles" : [],
      "conditionals" : []
    }
  ],
  "checksums" : [
    {
      "name" : "cksum",
      "id" : 0,
      "target" : ["ipv4", "hdrChecksum"],
      "type" : "generic",
      "calculation" : "calc",
      "verify" : false,
      "update" : true,
      "if_cond" : {
        "type" : "bool",
        "value" : true
      }
    },
    {
      "name" : "cksum_0",
      "id" : 1,
      "target" : ["ipv4", "hdrChecksum"],
      "type" : "generic",
      "calculation" : "calc_0",
      "verify" : true,
      "update" : false,
      "if_cond" : {
        "type" : "bool",
        "value" : true
      }
    }
  ],
  "force_arith" : [],
  "extern_instances" : [],
  "field_aliases" : [
    [
      "queueing_metadata.enq_timestamp",
      ["standard_metadata", "enq_timestamp"]
    ],
    [
      "queueing_metadata.enq_qdepth",
      ["standard_metadata", "enq_qdepth"]
    ],
    [
      "queueing_metadata.deq_timedelta",
      ["standard_metadata", "deq_timedelta"]
    ],
    [
      "queueing_metadata.deq_qdepth",
      ["standard_metadata", "deq_qdepth"]
    ],
    [
      "intrinsic_metadata.ingress_global_timestamp",
      ["standard_metadata", "ingress_global_timestamp"]
    ],
    [
      "intrinsic_metadata.egress_global_timestamp",
      ["standard_metadata", "egress_global_timestamp"]
    ],
    [
      "intrinsic_metadata.mcast_grp",
      ["standard_metadata", "mcast_grp"]
    ],
    [
      "intrinsic_metadata.egress_rid",
      ["standard_metadata", "egress_rid"]
    ],
    [
      "intrinsic_metadata.priority",
      ["standard_metadata", "priority"]
    ]
  ],
  "program" : "/home/ubuntu/simple_router6.p4i",
  "__meta__" : {
    "version" : [2, 23],
    "compiler" : "https://github.com/p4lang/p4c"
  }
}